获奖时间,奖牌类型,运动员,国家id,运动类别
2021/8/8 16:44,1,塞尔维亚男子水球队,107,水球
2021/8/8 16:44,2,希腊男子水球队,171,水球
2021/8/8 15:34,1,法国女子手球队,144,手球
2021/8/8 15:34,2,俄奥委会女子手球队,23062,手球
2021/8/8 14:49,1,巴霍迪尔·贾洛洛夫,15,拳击
2021/8/8 14:49,2,理查德·托雷斯,5,拳击
2021/8/8 14:13,1,劳伦·普莱斯,211,拳击
2021/8/8 14:10,2,李倩,26,拳击
2021/8/8 14:07,1,美国女子排球队,5,排球
2021/8/8 14:07,2,巴西女子排球队,16,排球
2021/8/8 13:47,3,匈牙利男子水球队,28,水球
2021/8/8 13:38,2,凯肖恩·戴维斯,5,拳击
2021/8/8 13:38,1,安迪·克鲁兹,169,拳击
2021/8/8 13:19,1,凯莉·哈灵顿,19,拳击
2021/8/8 13:19,2,比阿特丽斯·伊斯敏·费雷拉,16,拳击
2021/8/8 12:08,1,美国女子篮球队,5,篮球
2021/8/8 12:08,2,日本女子篮球队,18,篮球
2021/8/8 12:00,1,詹妮弗·瓦伦特,5,场地自行车赛
2021/8/8 12:00,2,梶原悠未,18,场地自行车赛
2021/8/8 12:00,3,基尔斯滕·维尔德,1,场地自行车赛
2021/8/8 11:55,1,保加利亚艺术体操队,148,艺术体操
2021/8/8 11:55,2,ROC艺术体操队,23062,艺术体操
2021/8/8 11:55,3,意大利艺术体操队,6,艺术体操
2021/8/8 11:31,3,挪威女子手球队,153,手球
2021/8/8 11:10,1,贾森·肯尼,211,场地自行车赛
2021/8/8 11:10,2,穆赫德·阿齐兹·哈斯尼·阿旺,232,场地自行车赛
2021/8/8 11:10,3,哈里·拉夫雷森,1,场地自行车赛
2021/8/8 10:59,1,凯尔西·米切尔,159,场地自行车赛
2021/8/8 10:59,2,奥廖娜 ·斯塔里科娃,13,场地自行车赛
2021/8/8 10:59,3,李慧诗,38,场地自行车赛
2021/8/8 9:27,3,塞尔维亚女子排球队,107,排球
2021/8/8 8:15,1,埃鲁德·基普乔格,229,田径
2021/8/8 8:15,2,阿卜迪·拿塞,1,田径
2021/8/8 8:15,3,巴希尔·阿伯迪,147,田径
2021/8/7 22:52,1,法国男子排球队,144,排球
2021/8/7 22:52,2,俄奥委会男子排球队,23062,排球
2021/8/7 22:13,1,巴西男子足球队,16,足球
2021/8/7 22:13,2,西班牙男子足球队,145,足球
2021/8/7 21:39,1,法国男子手球队,144,手球
2021/8/7 21:39,2,丹麦男子手球队,152,手球
2021/8/7 21:19,2,尼科拉·麦克德莫特,157,田径
2021/8/7 21:19,3,雅罗斯拉娃 ·马胡奇赫,13,田径
2021/8/7 21:19,1,玛利亚·拉西茨肯,23062,田径
2021/8/7 21:12,2,美国男子棒球队,5,棒球
2021/8/7 21:12,1,日本男子棒球队,18,棒球
2021/8/7 21:08,1,迈克尔·谢利等,5,田径
2021/8/7 21:08,2,雷马维·博内法夏等,1,田径
2021/8/7 21:08,3,伊萨克·马夸拉等,250,田径
2021/8/7 20:50,3,澳大利亚男子篮球队,157,篮球
2021/8/7 20:43,1,麦克劳林等,5,田径
2021/8/7 20:43,2,维塔利娅·卡奇马雷克等,150,田径
2021/8/7 20:43,3,布莉安娜·威廉姆斯等,248,田径
2021/8/7 20:31,1,须崎优衣,18,自由式摔跤
2021/8/7 20:31,3,玛利亚·斯塔德尼克,214,自由式摔跤
2021/8/7 20:31,3,萨拉·安·希尔德布兰特,5,自由式摔跤
2021/8/7 20:27,3,乌古尔·阿克塔斯,33,空手道
2021/8/7 20:27,3,荒贺龙太郎,18,空手道
2021/8/7 20:27,1,塞贾德·甘杰扎德,87,空手道
2021/8/7 20:27,2,塔雷格·哈米迪,98,空手道
2021/8/7 20:26,2,孙亚楠,26,自由式摔跤
2021/8/7 20:14,1,费尔亚尔·阿卜杜拉齐兹,170,空手道
2021/8/7 20:14,2,伊琳娜·扎列茨卡,214,空手道
2021/8/7 20:14,3,索菲娅·贝鲁尔采娃,160,空手道
2021/8/7 20:14,1,尼拉吉·秋普拉,227,田径
2021/8/7 20:14,2,雅库布·瓦德勒杰,17,田径
2021/8/7 20:14,3,维特兹斯拉夫·维塞里,17,田径
2021/8/7 20:12,1,亨利克·冯·埃克曼等,154,马术-障碍赛
2021/8/7 20:12,2,劳拉·克劳特等,5,马术-障碍赛
2021/8/7 20:12,3,皮耶特·德福斯,147,马术-障碍赛
2021/8/7 19:52,1,阿卜杜尔拉希德·萨达拉维,23062,自由式摔跤
2021/8/7 19:52,2,凯尔·弗雷德里克·斯奈德,5,自由式摔跤
2021/8/7 19:52,3,雷内里斯·萨拉斯·佩雷斯,169,自由式摔跤
2021/8/7 19:52,3,亚伯拉罕·德赫苏斯·孔耶多·鲁阿诺,6,自由式摔跤
2021/8/7 19:49,1,雅各布 ·英格布里森,153,田径
2021/8/7 19:49,2,蒂莫西·切鲁约特,229,田径
2021/8/7 19:49,3,乔什·克尔,211,田径
2021/8/7 19:45,1,斯维特兰娜·罗玛思娜等,23062,花样游泳
2021/8/7 19:45,3,弗拉季斯拉娃·阿列克谢娃,13,花样游泳
2021/8/7 19:37,2,中国花样游泳队,26,花样游泳
2021/8/7 19:29,1,思凡·哈桑,1,田径
2021/8/7 19:29,2,卡尔基丹·格扎赫格内,215,田径
2021/8/7 19:29,3,莱特森贝特·吉迪,222,田径
2021/8/7 19:26,3,龚莉,26,空手道
2021/8/7 19:13,1,乙黑拓斗,18,自由式摔跤
2021/8/7 19:13,2,哈吉·阿利耶夫,214,自由式摔跤
2021/8/7 19:13,3,加兹穆拉德·拉希多夫,23062,自由式摔跤
2021/8/7 19:13,3,贝格朗·贝格朗,227,自由式摔跤
2021/8/7 18:57,1,约瑟夫·忠,211,现代五项
2021/8/7 18:57,2,艾哈迈德·埃尔根迪,170,现代五项
2021/8/7 18:57,3,俊雄太,106,现代五项
2021/8/7 17:35,1,利诺伊·阿什兰姆,29,艺术体操
2021/8/7 17:35,2,迪娜·阿维丽娜,23062,艺术体操
2021/8/7 17:35,3,阿丽娜·哈纳斯科,103,艺术体操
2021/8/7 17:31,3,西班牙男子手球队,145,手球
2021/8/7 17:08,1,拉塞·诺曼·汉森/迈克尔·莫科夫,152,场地自行车赛
2021/8/7 17:08,2,伊桑·海特/马修·沃尔斯,211,场地自行车赛
2021/8/7 17:08,3,本杰明·托马斯/多纳万·格隆丁,144,场地自行车赛
2021/8/7 16:50,3,法国女子篮球队,144,篮球
2021/8/7 16:34,1,美国女子水球队,5,水球
2021/8/7 16:34,2,西班牙女子水球队,145,水球
2021/8/7 15:28,3,汤姆·戴利,211,跳水
2021/8/7 15:24,1,曹缘,26,跳水
2021/8/7 15:24,2,杨健,26,跳水
2021/8/7 15:06,3,阿根廷男子排球队,24,排球
2021/8/7 15:01,3,多米尼加男子棒球队,141,棒球
2021/8/7 14:48,1,布塞纳兹·苏尔梅内利,33,拳击
2021/8/7 14:44,2,谷红,26,拳击
2021/8/7 14:12,1,赫伯特·苏萨,16,拳击
2021/8/7 14:12,2,亚历山大 ·卡兹尼亚克,13,拳击
2021/8/7 13:51,3,匈牙利女子水球队,28,水球
2021/8/7 13:35,1,斯托伊卡·彼得罗娃,148,拳击
2021/8/7 13:35,2,巴士纳兹·卡基罗格鲁,33,拳击
2021/8/7 13:24,1,加拉尔·亚法伊,211,拳击
2021/8/7 13:24,2,卡罗·帕拉姆,130,拳击
2021/8/7 13:17,1,妮莉·科达,5,高尔夫
2021/8/7 13:17,2,稻见萌宁,18,高尔夫
2021/8/7 13:17,3,宝璟·高,158,高尔夫
2021/8/7 12:30,1,美国男子篮球队,5,篮球
2021/8/7 12:30,2,法国男子篮球队,144,篮球
2021/8/7 11:44,1,马克斯·伦德施密特等,2,静水皮划艇
2021/8/7 11:44,2,索尔·克拉维奥托等,145,静水皮划艇
2021/8/7 11:44,3,塞缪尔·巴拉日等,14,静水皮划艇
2021/8/7 11:28,1,科扎克达努塔等,28,静水皮划艇
2021/8/7 11:28,2,马哈里塔·特斯什科维奇等,103,静水皮划艇
2021/8/7 11:28,3,卡罗琳娜·那亚等,150,静水皮划艇
2021/8/7 11:16,1,安德斯·摩尔/克里斯蒂安·瑟鲁姆,153,沙滩排球
2021/8/7 11:16,2,维亚切斯拉夫·克拉西尔尼科夫/奥列格·斯托亚诺夫斯基,23062,沙滩排球
2021/8/7 11:02,1,伊萨奎雅斯·奎罗斯·多斯·桑托斯,16,静水皮划艇
2021/8/7 11:02,3,塞尔希·塔诺夫斯基,23,静水皮划艇
2021/8/7 10:57,2,刘浩,26,静水皮划艇
2021/8/7 10:44,2,阿纳斯塔西娅·切特维里科娃/柳德米拉·卢赞,13,静水皮划艇
2021/8/7 10:44,3,劳伦斯·文森特·拉普安特/凯瑟琳·文森特,159,静水皮划艇
2021/8/7 10:40,1,徐诗晓/孙梦雅,26,静水皮划艇
2021/8/7 9:46,3,艾哈迈德·蒂扬/谢里夫·尤努瑟,278,沙滩排球
2021/8/7 7:36,1,佩雷斯·杰普基尔,229,田径
2021/8/7 7:36,2,布里吉德·科斯盖,229,田径
2021/8/7 7:36,3,莫莉·赛德尔,5,田径
2021/8/6 22:55,1,加拿大女子足球队,159,足球
2021/8/6 22:55,2,瑞典女子足球队,154,足球
2021/8/6 22:04,1,洛伦佐·帕塔等,6,田径
2021/8/6 22:04,2,吉津杜·乌贾等,211,田径
2021/8/6 22:04,3,阿伦·布朗等,159,田径
2021/8/6 21:40,1,布莉安娜·威廉姆斯等,248,田径
2021/8/6 21:40,2,贾维安·奥立芙等,5,田径
2021/8/6 21:40,3,亚莎·菲利普等,211,田径
2021/8/6 21:14,2,玛利亚·安德烈奇克,150,田径
2021/8/6 21:14,3,凯尔希·李·巴伯,157,田径
2021/8/6 21:10,2,野中生萌,18,攀岩
2021/8/6 21:10,3,野口启代,18,攀岩
2021/8/6 21:10,1,亚尼娅·甘布莱特,30,攀岩
2021/8/6 21:10,1,刘诗颖,26,田径
2021/8/6 21:01,1,菲斯·基皮耶贡,229,田径
2021/8/6 21:01,2,劳拉·姆伊尔,211,田径
2021/8/6 21:01,3,思凡 哈桑,1,田径
2021/8/6 20:55,1,路易吉·布萨,6,空手道
2021/8/6 20:55,2,拉斐尔·阿加耶夫,214,空手道
2021/8/6 20:55,3,斯坦尼斯拉夫 ·霍鲁纳,13,空手道
2021/8/6 20:55,3,加博尔·哈斯帕塔基,28,空手道
2021/8/6 20:45,1,乔瓦娜·普雷科维奇,107,空手道
2021/8/6 20:45,3,梅尔维·科班,33,空手道
2021/8/6 20:45,3,吉安娜·洛特菲,170,空手道
2021/8/6 20:42,1,萨伍娜·米勒,116,田径
2021/8/6 20:42,2,玛丽莱迪·保利诺,141,田径
2021/8/6 20:42,3,阿里森 费利克斯,5,田径
2021/8/6 20:42,2,派翠克·法兰兹卡等,2,乒乓球
2021/8/6 20:40,1,马龙/许昕/樊振东,26,乒乓球
2021/8/6 20:35,2,尹笑言,26,空手道
2021/8/6 20:34,1,向田真优,18,自由式摔跤
2021/8/6 20:34,3,瓦妮莎·卡拉迪辛斯卡雅,103,自由式摔跤
2021/8/6 20:34,3,巴特奥其林·包劳尔图亚,173,自由式摔跤
2021/8/6 20:30,2,庞倩玉,26,自由式摔跤
2021/8/6 20:24,1,约书亚·查普特盖,249,田径
2021/8/6 20:24,2,穆罕默德·艾哈迈德,159,田径
2021/8/6 20:24,3,保罗·切利莫,5,田径
2021/8/6 19:51,3,阿里·索福格鲁,33,空手道
2021/8/6 19:51,3,阿里尔·托雷斯·古铁雷斯,5,空手道
2021/8/6 19:51,1,清奈亮,18,空手道
2021/8/6 19:51,2,达米安·雨果·金特罗,145,空手道
2021/8/6 19:47,1,盖博·史蒂文森,5,自由式摔跤
2021/8/6 19:47,2,吉诺·彼特里亚什维利,163,自由式摔跤
2021/8/6 19:47,3,阿米尔·侯赛因·阿巴斯·扎雷,87,自由式摔跤
2021/8/6 19:47,3,塔哈·阿古尔,33,自由式摔跤
2021/8/6 19:29,1,荷兰女子曲棍球队,1,曲棍球
2021/8/6 19:29,2,阿根廷女子曲棍球队,24,曲棍球
2021/8/6 19:09,1,祖尔贝克·西达科夫,23062,自由式摔跤
2021/8/6 19:09,2,马戈梅德哈比卜·卡季马戈梅多夫,103,自由式摔跤
2021/8/6 19:09,3,凯尔·戴克,5,自由式摔跤
2021/8/6 19:09,3,贝克佐德·阿卜杜拉赫曼诺夫,15,自由式摔跤
2021/8/6 19:09,1,凯特·弗伦奇,211,现代五项
2021/8/6 19:09,2,劳拉·阿萨道斯凯特,7,现代五项
2021/8/6 19:09,3,萨罗尔塔·科瓦奇,28,现代五项
2021/8/6 19:04,3,墨西哥男子足球队,156,足球
2021/8/6 18:04,2,杰弗里·霍格兰,1,场地自行车赛
2021/8/6 18:04,3,杰克·卡林,211,场地自行车赛
2021/8/6 18:04,1,哈里·拉夫雷森,1,场地自行车赛
2021/8/6 17:17,1,安东内拉·潘米萨,6,田径
2021/8/6 17:17,2,桑德拉·阿瑞纳斯,12,田径
2021/8/6 17:01,3,刘虹,26,田径
2021/8/6 16:55,1,凯特·阿奇博尔德/劳拉·特罗特,211,场地自行车赛
2021/8/6 16:55,2,阿玛莉·迪德里克森/朱莉·莱斯,152,场地自行车赛
2021/8/6 16:55,3,古尔纳兹·哈通切娃/玛丽亚·诺沃洛兹卡娅,23062,场地自行车赛
2021/8/6 14:26,1,胡里奥·塞萨尔·拉·克鲁斯,169,拳击
2021/8/6 14:26,2,穆斯利姆·加季马戈梅多夫,23062,拳击
2021/8/6 14:26,3,大卫·尼卡,158,拳击
2021/8/6 14:26,3,阿布纳·特谢拉,16,拳击
2021/8/6 14:09,3,哈里·加塞德,157,拳击
2021/8/6 13:51,3,霍夫哈内斯·巴奇科夫,213,拳击
2021/8/6 13:35,3,泽恩菲拉·玛戈梅达莉耶娃,23062,拳击
2021/8/6 13:17,3,努奇卡·方缇恩,1,拳击
2021/8/6 12:42,3,日本,18,乒乓球
2021/8/6 11:24,3,安娜-弗朗西丝·托曼等,211,曲棍球
2021/8/6 11:19,1,阿利克斯·克莱曼/艾普若·罗斯,5,沙滩排球
2021/8/6 11:19,2,玛莉娅菲·阿塔乔/塔莉奎·克兰西,157,沙滩排球
2021/8/6 9:48,3,乔安娜·海德里希/阿努克·韦尔热-德普雷,149,沙滩排球
2021/8/6 8:25,1,达维德-托玛拉,150,田径
2021/8/6 8:25,2,乔纳森·希尔伯特,2,田径
2021/8/6 8:25,3,埃文·顿非,159,田径
2021/8/5 21:03,1,阿尔贝托·吉内斯·洛佩斯,145,攀岩
2021/8/5 21:03,2,纳撒尼尔·科尔曼,5,攀岩
2021/8/5 21:03,3,雅各布 ·舒伯特,151,攀岩
2021/8/5 20:52,2,凯文·格哈德,144,田径
2021/8/5 20:52,3,阿什利·莫洛尼,157,田径
2021/8/5 20:52,1,达米安·华纳,159,田径
2021/8/5 20:41,2,伊藤美诚/石川佳纯/平野美宇,18,乒乓球
2021/8/5 20:38,1,娜弗萨图 蒂亚姆,147,田径
2021/8/5 20:38,2,阿努克·维特尔,1,田径
2021/8/5 20:38,3,艾玛·奥斯特韦格尔,1,田径
2021/8/5 20:34,1,陈梦/王曼昱/孙颖莎,26,乒乓球
2021/8/5 20:33,1,川井梨纱子,18,自由式摔跤
2021/8/5 20:33,2,伊琳娜·库拉奇金娜,103,自由式摔跤
2021/8/5 20:21,3,海伦·马鲁利斯,5,自由式摔跤
2021/8/5 20:21,3,伊维琳娜·尼科洛娃,148,自由式摔跤
2021/8/5 20:17,1,伊维特·戈拉诺娃,148,空手道
2021/8/5 20:17,2,安泽利卡 ·特利乌加,13,空手道
2021/8/5 20:08,1,斯蒂芬·加德纳,116,田径
2021/8/5 20:08,2,安东尼·何塞·桑布拉诺,12,田径
2021/8/5 20:08,3,基拉尼 詹姆斯,142,田径
2021/8/5 20:04,1,史蒂文·达·科斯塔,144,空手道
2021/8/5 20:04,2,埃雷·萨姆丹,33,空手道
2021/8/5 20:01,1,凯蒂·纳吉奥特,5,田径
2021/8/5 20:01,2,安瑟莉卡 西多罗娃,23062,田径
2021/8/5 20:01,3,霍里 布里斯达勒,211,田径
2021/8/5 19:57,3,贝蒂娜·普朗克,151,空手道
2021/8/5 19:57,3,文姿云,31,空手道
2021/8/5 19:48,1,大卫 ·泰勒,5,自由式摔跤
2021/8/5 19:48,2,哈桑·亚兹达尼查拉蒂,87,自由式摔跤
2021/8/5 19:44,1,比利时男子曲棍球队,147,曲棍球
2021/8/5 19:44,2,澳大利亚男子曲棍球队,157,曲棍球
2021/8/5 19:40,3,达尔汗·阿萨迪洛夫,160,空手道
2021/8/5 19:40,3,阿卜杜勒·拉赫曼·阿尔马萨特法,123,空手道
2021/8/5 19:33,3,阿瑟·奈福诺夫,23062,自由式摔跤
2021/8/5 19:33,3,迈尔斯·纳泽姆·阿明,175,自由式摔跤
2021/8/5 19:12,1,扎武尔·乌格夫,23062,自由式摔跤
2021/8/5 19:12,2,拉维·库马尔,227,自由式摔跤
2021/8/5 19:10,1,桑德拉·桑切斯,145,空手道
2021/8/5 19:10,2,清水希容,18,空手道
2021/8/5 18:59,3,刘慕裳,38,空手道
2021/8/5 18:59,3,薇薇安娜·博塔罗,6,空手道
2021/8/5 18:57,3,阿塔斯 塞纳,160,自由式摔跤
2021/8/5 18:57,3,托马斯·吉尔曼,5,自由式摔跤
2021/8/5 18:06,3,美国女子足球队,5,足球
2021/8/5 17:41,1,马修·沃尔斯,211,场地自行车赛
2021/8/5 17:41,2,坎贝尔·斯图尔特,158,场地自行车赛
2021/8/5 17:41,3,埃利亚 维维亚尼,6,场地自行车赛
2021/8/5 17:11,1,马西莫·斯塔诺,6,田径
2021/8/5 17:11,2,池田向希,18,田径
2021/8/5 17:11,3,山西利和,18,田径
2021/8/5 17:00,1,莎恩·布拉斯彭宁克斯,1,场地自行车赛
2021/8/5 17:00,2,埃利斯·安德鲁斯,158,场地自行车赛
2021/8/5 17:00,3,劳瑞安·杰内斯特,159,场地自行车赛
2021/8/5 15:23,3,麦丽莎 吴,157,跳水
2021/8/5 15:19,1,全红婵,26,跳水
2021/8/5 15:18,2,陈芋汐,26,跳水
2021/8/5 15:02,2,杜克·雷根,5,拳击
2021/8/5 15:02,3,拉萨罗·阿尔瓦雷斯,169,拳击
2021/8/5 15:02,3,塞缪尔·塔基,83,拳击
2021/8/5 15:02,1,阿尔伯特·巴特尔加齐耶夫,23062,拳击
2021/8/5 14:44,3,格莱布·巴克希,23062,拳击
2021/8/5 14:28,3,欧米尔·马夏尔,130,拳击
2021/8/5 14:11,3,萨肯·比博西诺夫,160,拳击
2021/8/5 13:52,3,田中亮明,18,拳击
2021/8/5 13:36,3,米拉·波特科宁,161,拳击
2021/8/5 13:23,3,素达蓬·西颂迪,101,拳击
2021/8/5 12:39,3,杜凯琹/苏慧音/李皓晴,38,乒乓球
2021/8/5 12:14,1,基根·帕默,157,滑板
2021/8/5 12:14,2,佩德罗·巴罗斯,16,滑板
2021/8/5 12:14,3,科里·朱诺,5,滑板
2021/8/5 12:04,1,吉恩·凡·德尔·韦斯特曾/托马斯·格林,157,静水皮划艇
2021/8/5 12:04,2,马克斯·霍夫/雅各布·肖普夫,2,静水皮划艇
2021/8/5 12:04,3,约瑟夫·多斯塔尔/拉德克·斯洛夫,17,静水皮划艇
2021/8/5 11:40,1,丽莎·卡灵顿,158,静水皮划艇
2021/8/5 11:40,2,塔玛拉·西佩斯,28,静水皮划艇
2021/8/5 11:40,3,艾玛·约根森,152,静水皮划艇
2021/8/5 11:35,3,印度男子曲棍球队,227,曲棍球
2021/8/5 11:31,1,佩德罗·皮查,10,田径
2021/8/5 11:31,3,胡格斯·法布里斯·赞戈,246,田径
2021/8/5 11:26,2,朱亚明,26,田径
2021/8/5 11:23,1,瑞安·克鲁瑟,5,田径
2021/8/5 11:23,2,乔· 科瓦克斯,5,田径
2021/8/5 11:23,3,托马斯·沃尔什,158,田径
2021/8/5 11:02,1,内文·哈里森,5,静水皮划艇
2021/8/5 11:02,2,劳伦斯·文森特·拉普安特,159,静水皮划艇
2021/8/5 11:02,3,柳德米拉·卢赞,13,静水皮划艇
2021/8/5 11:01,1,汉斯勒-帕尔奇曼,248,田径
2021/8/5 11:01,2,格兰特·霍洛威,5,田径
2021/8/5 11:01,3,罗纳德·利维,248,田径
2021/8/5 10:49,1,桑德尔·托特卡,28,静水皮划艇
2021/8/5 10:49,2,曼弗雷迪·里扎,6,静水皮划艇
2021/8/5 10:49,3,利亚姆·希思,211,静水皮划艇
2021/8/5 7:24,1,弗洛里安·韦尔布罗克,2,马拉松游泳
2021/8/5 7:24,2,克里斯托夫·拉索夫斯基,28,马拉松游泳
2021/8/5 7:24,3,格雷戈里奥·帕尔特里涅利,6,马拉松游泳
2021/8/4 21:03,1,安德烈·德·格拉斯,159,田径
2021/8/4 21:03,2,肯尼斯·贝德纳瑞克,5,田径
2021/8/4 21:03,3,诺亚·莱尔斯,5,田径
2021/8/4 20:38,1,拉沙·塔拉卡哈德泽,163,举重
2021/8/4 20:38,2,阿里·达沃迪,87,举重
2021/8/4 20:38,3,曼·阿萨德,100,举重
2021/8/4 20:32,1,川井友香子,18,自由式摔跤
2021/8/4 20:32,2,艾苏鲁·蒂尼别科娃,124,自由式摔跤
2021/8/4 20:32,3,伊琳娜·科利亚登科,13,自由式摔跤
2021/8/4 20:32,3,泰贝·尤赛因,148,自由式摔跤
2021/8/4 20:32,1,沃伊切赫·诺维奇,150,田径
2021/8/4 20:32,2,埃温德·亨里克森,153,田径
2021/8/4 20:32,3,帕维尔·法德克,150,田径
2021/8/4 20:17,1,伊曼纽尔·基普库瑞·科里尔,229,田径
2021/8/4 20:17,2,弗格森·洛蒂切,229,田径
2021/8/4 20:17,3,帕托克·多比克,150,田径
2021/8/4 19:55,1,本·马赫,211,马术-障碍赛
2021/8/4 19:55,2,佩德尔·弗雷德里克森,154,马术-障碍赛
2021/8/4 19:55,3,迈克尔·范·德·弗利特,1,马术-障碍赛
2021/8/4 19:47,1,斯韦特兰娜·科列什尼琴科/斯韦特兰娜·罗马丝娜,23062,花样游泳
2021/8/4 19:47,3,玛尔塔·菲迪娜/阿纳斯塔西娅 莎维楚克,13,花样游泳
2021/8/4 19:47,1,赞 ·贝勒钮科,13,古典式摔跤
2021/8/4 19:47,2,维克多·罗伦克兹,28,古典式摔跤
2021/8/4 19:47,3,丹尼斯·库德拉,2,古典式摔跤
2021/8/4 19:47,3,祖拉比·达图纳什维利,107,古典式摔跤
2021/8/4 19:43,2,黄雪辰/孙文雁,26,花样游泳
2021/8/4 19:20,1,佩鲁斯·切穆泰,249,田径
2021/8/4 19:20,2,考特尼·弗里希斯,5,田径
2021/8/4 19:20,3,海文·基扬,229,田径
2021/8/4 19:12,2,帕维兹 ·纳西博夫,13,古典式摔跤
2021/8/4 19:12,3,弗兰克·斯塔布勒,2,古典式摔跤
2021/8/4 19:12,3,穆罕默德·易卜拉欣·埃尔赛德·易卜拉欣,170,古典式摔跤
2021/8/4 19:12,1,穆罕默德·礼萨·杰雷,87,古典式摔跤
2021/8/4 17:19,1,西莫内·孔松尼等,6,场地自行车赛
2021/8/4 17:19,2,拉塞·诺曼·汉森等,152,场地自行车赛
2021/8/4 17:19,3,利·霍华德等,157,场地自行车赛
2021/8/4 15:46,1,汉娜·米尔斯/麦金太尔·马蒂亚斯,211,帆船
2021/8/4 15:46,2,阿格涅斯卡·斯克日普莱茨/乔兰塔·奥加,150,帆船
2021/8/4 15:46,3,卡米尔·莱康特/阿洛伊丝·雷托纳兹,144,帆船
2021/8/4 15:02,1,阿伦·洛佩兹卡多纳,169,拳击
2021/8/4 15:02,2,本·惠特克,211,拳击
2021/8/4 14:42,3,奥沙·拉纳·琼斯,5,拳击
2021/8/4 14:42,3,弗雷泽·克拉克,211,拳击
2021/8/4 14:42,3,卡姆谢别克·昆卡巴耶夫,160,拳击
2021/8/4 14:13,3,洛夫林娜·博尔戈汉,227,拳击
2021/8/4 14:13,1,马修·贝尔彻/威廉·瑞恩,157,帆船
2021/8/4 14:13,2,安东·达尔伯格/弗雷德里克 伯格斯特,154,帆船
2021/8/4 14:13,3,乔迪·夏马尔/尼古拉斯·哈维尔·罗德里格斯,145,帆船
2021/8/4 13:40,3,并木月海,18,拳击
2021/8/4 13:18,3,黄筱雯,31,拳击
2021/8/4 12:17,1,四十住樱,18,滑板
2021/8/4 12:17,2,平木可可,18,滑板
2021/8/4 12:17,3,斯凯·布朗,211,滑板
2021/8/4 10:39,1,希德妮·麦克劳克林,5,田径
2021/8/4 10:39,2,利拉·穆罕默德,5,田径
2021/8/4 10:39,3,费姆克·波尔,1,田径
2021/8/4 7:37,1,安娜马塞拉·昆哈,16,马拉松游泳
2021/8/4 7:37,2,夏农 劳文达尔,1,马拉松游泳
2021/8/4 7:37,3,卡琳娜·李,157,马拉松游泳
2021/8/3 21:21,1,阿芒德·杜普兰蒂斯,154,田径
2021/8/3 21:21,2,克里斯·尼尔森,5,田径
2021/8/3 21:21,3,蒂亚戈·布拉兹,16,田径
2021/8/3 20:58,2,克里斯汀·姆博马,273,田径
2021/8/3 20:58,3,加布里埃尔·托马斯,5,田径
2021/8/3 20:58,1,伊莱恩·汤普森-赫拉,248,田径
2021/8/3 20:49,1,安尼塔 沃洛达茨克,150,田径
2021/8/3 20:49,3,马尔维娜·科普伦,150,田径
2021/8/3 20:49,1,阿克巴尔·朱拉耶夫,15,举重
2021/8/3 20:49,2,西蒙·马尔季罗森,213,举重
2021/8/3 20:49,3,阿图斯·普莱斯涅克斯,9,举重
2021/8/3 20:44,2,王峥,26,田径
2021/8/3 20:35,1,塔米拉·门萨,5,自由式摔跤
2021/8/3 20:35,2,布莱辛·奥布鲁杜杜,93,自由式摔跤
2021/8/3 20:33,3,阿拉 ·切尔卡索娃,13,自由式摔跤
2021/8/3 20:33,3,梅里姆·朱马纳扎罗娃,124,自由式摔跤
2021/8/3 20:33,1,阿辛·穆,5,田径
2021/8/3 20:33,2,基利·霍奇金森,211,田径
2021/8/3 20:33,3,雷文·罗杰斯,5,田径
2021/8/3 19:50,1,穆萨·埃夫洛耶夫,23062,古典式摔跤
2021/8/3 19:50,2,阿图尔·阿列克萨尼扬,213,古典式摔跤
2021/8/3 19:50,3,塔德乌什·米查利克,150,古典式摔跤
2021/8/3 19:50,3,穆罕默德哈迪·阿卜杜拉·萨拉维,87,古典式摔跤
2021/8/3 19:17,1,塔马斯·罗伦克兹,28,古典式摔跤
2021/8/3 19:17,2,阿克霍尔·马赫穆多夫,124,古典式摔跤
2021/8/3 19:17,3,矢笔祥平,18,古典式摔跤
2021/8/3 19:17,3,拉菲格·胡塞诺夫,214,古典式摔跤
2021/8/3 18:41,1,桥本大辉,18,竞技体操
2021/8/3 18:41,2,蒂恩·斯尔比奇,89,竞技体操
2021/8/3 18:41,3,尼基塔·纳戈尔内,23062,竞技体操
2021/8/3 18:41,1,罗尼尔·伊格莱西亚斯,169,拳击
2021/8/3 18:41,2,帕特·麦科马克,211,拳击
2021/8/3 18:18,3,阿布纳·特谢拉,16,拳击
2021/8/3 18:18,3,大卫·尼卡,158,拳击
2021/8/3 17:44,3,西蒙尼·拜尔斯,5,竞技体操
2021/8/3 17:39,1,管晨辰,26,竞技体操
2021/8/3 17:39,2,唐茜靖,26,竞技体操
2021/8/3 17:03,1,杰弗里·霍格兰等,1,场地自行车赛
2021/8/3 17:03,2,杰克·卡林等,211,场地自行车赛
2021/8/3 17:03,3,弗洛里安·格朗格博等,144,场地自行车赛
2021/8/3 16:50,2,凯蒂·阿奇博尔德等,211,场地自行车赛
2021/8/3 16:50,3,克洛·戴格特等,5,场地自行车赛
2021/8/3 16:50,1,弗兰齐斯卡·布劳斯等,2,场地自行车赛
2021/8/3 16:37,2,卢卡斯·道瑟,2,竞技体操
2021/8/3 16:37,3,费尔哈特·阿里肯,33,竞技体操
2021/8/3 16:33,1,邹敬园,26,竞技体操
2021/8/3 15:25,3,杰克·拉夫尔,211,跳水
2021/8/3 15:20,1,谢思埸,26,跳水
2021/8/3 15:20,2,王宗源,26,跳水
2021/8/3 15:01,3,保罗·科尔霍夫/艾丽卡·斯图勒默,2,帆船
2021/8/3 15:01,1,鲁杰罗·蒂塔/卡特琳娜·班蒂,6,帆船
2021/8/3 15:01,2,约翰·金森/安娜·伯内特,211,帆船
2021/8/3 14:06,1,贾尔斯·斯科特,211,帆船
2021/8/3 14:06,2,拜赖茨·佐姆伯尔,28,帆船
2021/8/3 14:06,3,霍安·卡多娜·门德斯,145,帆船
2021/8/3 13:02,1,迪伦·弗莱彻/斯图尔特·比瑟尔,211,帆船
2021/8/3 13:02,2,彼得·伯林/布莱尔·塔克,158,帆船
2021/8/3 13:02,3,埃里克·海尔/托马斯·普勒塞尔,2,帆船
2021/8/3 12:37,1,入江圣奈,18,拳击
2021/8/3 12:37,2,内西·佩特西奥,130,拳击
2021/8/3 12:02,1,卡赫娜·昆泽/马蒂娜·索菲亚蒂·格拉埃尔,16,帆船
2021/8/3 12:02,2,蒂娜·鲁兹/苏珊·贝克,2,帆船
2021/8/3 12:02,3,安妮米克·贝克克林/安妮特·杜兹,1,帆船
2021/8/3 11:54,1,丽莎·卡灵顿/凯特琳·瑞安,158,静水皮划艇
2021/8/3 11:54,2,安娜·普劳斯卡/卡罗琳娜·纳亚,150,静水皮划艇
2021/8/3 11:54,3,科扎克·达努萨/博多尼·朵拉,28,静水皮划艇
2021/8/3 11:37,1,科帕斯·巴林特,28,静水皮划艇
2021/8/3 11:37,2,瓦尔加·亚当,28,静水皮划艇
2021/8/3 11:37,3,费尔南多·皮门塔,10,静水皮划艇
2021/8/3 11:28,1,卡斯滕·沃霍尔姆,153,田径
2021/8/3 11:28,2,莱伊·本杰明,5,田径
2021/8/3 11:28,3,艾莉森·多斯·桑托斯,16,田径
2021/8/3 11:20,2,布里特尼·里斯,5,田径
2021/8/3 11:20,3,艾瑟·布鲁姆,93,田径
2021/8/3 11:20,1,马来卡·米洪布,2,田径
2021/8/3 11:03,1,塞尔盖·托雷斯·马德里加尔/豪尔赫·恩里克斯·费尔南多·达扬,169,静水皮划艇
2021/8/3 11:03,3,塞巴斯蒂安·布兰德尔/蒂姆·赫克,2,静水皮划艇
2021/8/3 11:00,2,刘浩/郑鹏飞,26,静水皮划艇
2021/8/3 10:45,1,丽莎·卡灵顿,158,静水皮划艇
2021/8/3 10:45,2,特蕾莎·波特拉,145,静水皮划艇
2021/8/3 10:45,3,艾玛·阿斯特兰德·约根森,152,静水皮划艇
2021/8/2 21:17,1,瓦莱丽·奥尔曼,5,田径
2021/8/2 21:17,2,克里斯汀·普登兹,2,田径
2021/8/2 21:17,3,亚米·佩雷斯,169,田径
2021/8/2 21:08,1,维克多·安塞龙,152,羽毛球
2021/8/2 21:02,2,赫伦 奥比里,229,田径
2021/8/2 21:02,3,古达夫·特塞盖,222,田径
2021/8/2 21:02,1,茜凡·哈桑,1,田径
2021/8/2 20:50,1,朱莉亚·克拉耶夫斯基,2,马术-三项赛
2021/8/2 20:50,2,汤姆·麦克尤恩,211,马术-三项赛
2021/8/2 20:50,3,安德鲁·霍伊,157,马术-三项赛
2021/8/2 20:50,3,安东尼·金廷,85,羽毛球
2021/8/2 20:50,2,艾米丽·坎贝尔,211,举重
2021/8/2 20:50,3,萨拉·罗伯斯,5,举重
2021/8/2 20:46,1,李雯雯,26,举重
2021/8/2 20:44,2,谌龙,26,羽毛球
2021/8/2 20:32,3,本亚明·基根,229,田径
2021/8/2 20:32,1,苏菲安·艾尔巴卡利,172,田径
2021/8/2 20:32,2,拉梅查·吉尔玛,222,田径
2021/8/2 20:24,1,艾琳·福肯,2,自由式摔跤
2021/8/2 20:24,2,艾德琳·格雷,5,自由式摔跤
2021/8/2 20:12,3,亚瑟明·阿达,33,自由式摔跤
2021/8/2 20:08,3,周倩,26,自由式摔跤
2021/8/2 19:50,1,米哈因·洛佩斯,169,古典式摔跤
2021/8/2 19:50,2,亚科比·卡加亚,163,古典式摔跤
2021/8/2 19:39,1,汤姆·麦克尤恩等,211,马术-三项赛
2021/8/2 19:39,2,安德鲁·霍伊等,157,马术-三项赛
2021/8/2 19:39,3,尼古拉斯·图赞等,144,马术-三项赛
2021/8/2 19:39,2,丹尼斯·阿布利亚金,23062,竞技体操
2021/8/2 19:39,3,亚瑟·达夫杨,213,竞技体操
2021/8/2 19:39,1,申在焕,106,竞技体操
2021/8/2 19:39,3,谢尔盖·谢苗诺夫,23062,古典式摔跤
2021/8/2 19:39,1,路易斯·阿尔贝托·奥尔塔,169,古典式摔跤
2021/8/2 19:39,2,文田健一郎,18,古典式摔跤
2021/8/2 19:39,3,谢尔盖·埃梅林,23062,古典式摔跤
2021/8/2 19:39,3,里扎·卡亚拉普,33,古典式摔跤
2021/8/2 18:44,3,瓦里汗·赛里克,26,古典式摔跤
2021/8/2 17:42,1,杰德·凯莉,5,竞技体操
2021/8/2 17:42,2,凡妮莎·费拉里,6,竞技体操
2021/8/2 17:42,3,村上茉爱,18,竞技体操
2021/8/2 17:42,3,安吉丽娜·梅尔尼科娃,23062,竞技体操
2021/8/2 17:18,2,莉娅·索菲·弗里德里希/艾玛·欣策,2,场地自行车赛
2021/8/2 17:18,3,达里娅·什梅列娃/阿纳斯塔西娅·沃伊诺娃,23062,场地自行车赛
2021/8/2 17:12,1,鲍珊菊/钟天使,26,场地自行车赛
2021/8/2 16:48,2,谢尔盖·卡门斯基,23062,射击
2021/8/2 16:48,3,米连科·塞比奇,107,射击
2021/8/2 16:43,1,张常鸿,26,射击
2021/8/2 16:35,3,埃莱夫塞里奥斯·彼得鲁尼亚斯,171,竞技体操
2021/8/2 16:34,2,塔玛拉·亚哈伊拉·萨拉萨尔·阿尔塞,220,举重
2021/8/2 16:34,3,克里斯梅里·桑塔纳,141,举重
2021/8/2 16:32,1,刘洋,26,竞技体操
2021/8/2 16:32,2,尤浩,26,竞技体操
2021/8/2 16:30,1,汪周雨,26,举重
2021/8/2 14:07,1,让·基康普瓦,144,射击
2021/8/2 14:07,2,卢里斯·普波,169,射击
2021/8/2 14:04,1,格雷西娅·波利/阿普里亚尼,85,羽毛球
2021/8/2 14:04,3,金昭映/孔熙容,106,羽毛球
2021/8/2 14:00,3,李越宏,26,射击
2021/8/2 14:00,2,陈清晨/贾一凡,26,羽毛球
2021/8/2 12:56,2,肯德拉·哈里森,5,田径
2021/8/2 12:56,3,梅根·塔珀,248,田径
2021/8/2 12:56,1,贾斯敏·卡马乔·奎因,277,田径
2021/8/2 10:49,1,米尔蒂亚迪斯·滕托格卢,171,田径
2021/8/2 10:49,2,胡安·米格尔·埃切瓦里亚,169,田径
2021/8/2 10:49,3,梅克尔·马索,169,田径
2021/8/1 22:05,2,戴资颖,31,羽毛球
2021/8/1 21:58,1,陈雨菲,26,羽毛球
2021/8/1 20:59,3,安德烈·德·格拉斯,159,田径
2021/8/1 20:59,1,拉蒙特·马塞尔·雅各布斯,6,田径
2021/8/1 20:59,2,弗雷德·克利,5,田径
2021/8/1 20:48,1,穆塔兹·伊萨·巴尔西姆,278,田径
2021/8/1 20:48,1,吉安马尔科·汤贝利,6,田径
2021/8/1 20:48,3,马克西姆·内达塞考,103,田径
2021/8/1 20:40,1,尤利玛·罗哈斯,162,田径
2021/8/1 20:40,2,帕特里希亚·马蒙纳,10,田径
2021/8/1 20:40,3,安娜·佩莱泰罗,145,田径
2021/8/1 20:39,1,内司·达约姆斯,220,举重
2021/8/1 20:39,2,凯瑟琳·奈,5,举重
2021/8/1 20:39,3,阿雷米·富恩特斯,156,举重
2021/8/1 20:32,3,普萨拉·文卡塔·辛德胡,227,羽毛球
2021/8/1 20:23,1,安娜斯塔西娅·帕芙柳琴科娃/安德烈·鲁布列夫,23062,网球
2021/8/1 20:23,2,爱莲娜·维斯尼娜/阿斯兰·卡拉采夫,23062,网球
2021/8/1 20:10,3,伊玛姆·哈塔耶夫,23062,拳击
2021/8/1 20:10,1,恩佐·勒福尔等,144,击剑
2021/8/1 20:10,2,基里尔·博罗达切夫等,23062,击剑
2021/8/1 20:10,3,海翔·陈等,5,击剑
2021/8/1 19:26,1,妮娜·德瓦艾尔,147,竞技体操
2021/8/1 19:26,2,阿纳斯塔西娅·伊连科娃,23062,竞技体操
2021/8/1 19:26,3,苏妮莎·李,5,竞技体操
2021/8/1 18:30,1,马克斯·惠特洛克,211,竞技体操
2021/8/1 18:30,2,李智凯,31,竞技体操
2021/8/1 18:30,3,萱和磨,18,竞技体操
2021/8/1 17:59,3,洛伦·贝尔托·阿方索·多明格斯,214,拳击
2021/8/1 17:48,1,亚历山大·兹维列夫,2,网球
2021/8/1 17:48,2,凯伦·哈恰诺夫,23062,网球
2021/8/1 17:38,2,麦凯拉·斯金内尔,5,竞技体操
2021/8/1 17:38,3,吕瑞静,106,竞技体操
2021/8/1 17:38,1,丽贝卡·安德拉德,16,竞技体操
2021/8/1 17:37,3,安德烈·赞科沃伊,23062,拳击
2021/8/1 16:49,3,潘政琮,31,高尔夫
2021/8/1 16:38,1,阿尔特姆·多尔戈皮亚特,29,竞技体操
2021/8/1 16:38,2,拉伊德莱·萨帕塔,145,竞技体操
2021/8/1 16:35,3,肖若腾,26,竞技体操
2021/8/1 16:02,2,罗伊·萨巴蒂尼,14,高尔夫
2021/8/1 16:02,1,山德·舍奥菲勒,5,高尔夫
2021/8/1 15:46,1,巴尔博拉·克雷吉茨科娃/卡特琳娜·斯尼亚科娃,17,网球
2021/8/1 15:46,2,贝琳达·本西奇/维克托丽娅·戈卢比奇,149,网球
2021/8/1 15:13,3,克里斯塔·帕默,5,跳水
2021/8/1 15:13,1,安妮·玛丽·林多姆,152,帆船
2021/8/1 15:13,2,约瑟芬·奥尔森,154,帆船
2021/8/1 15:13,3,玛丽特·鲍梅斯特,1,帆船
2021/8/1 15:08,1,施廷懋,26,跳水
2021/8/1 15:06,2,王涵,26,跳水
2021/8/1 14:21,1,马修·韦恩,157,帆船
2021/8/1 14:21,2,汤奇·史蒂潘诺维奇,89,帆船
2021/8/1 14:21,3,赫尔曼·托马斯加德,153,帆船
2021/8/1 11:23,1,洛根·马丁,157,自由式小轮车
2021/8/1 11:23,2,丹尼尔·德尔斯,162,自由式小轮车
2021/8/1 11:23,3,德克兰·布鲁克斯,211,自由式小轮车
2021/8/1 11:23,3,艾丹·沃尔什,19,拳击
2021/8/1 10:56,1,约瑟夫·阿姆斯特朗等,5,游泳
2021/8/1 10:56,2,卢克·格林班克等,211,游泳
2021/8/1 10:56,3,托马斯·切孔等,6,游泳
2021/8/1 10:52,2,瑞雯·桑德斯,5,田径
2021/8/1 10:52,3,瓦雷里·亚当斯,158,田径
2021/8/1 10:47,1,巩立姣,26,田径
2021/8/1 10:29,1,埃米莉·西博姆等,157,游泳
2021/8/1 10:29,2,瑞安·伊丽莎白·怀特等,5,游泳
2021/8/1 10:29,3,泰勒·鲁克等,159,游泳
2021/8/1 10:14,1,夏洛特·沃辛顿,211,自由式小轮车
2021/8/1 10:14,2,汉娜·罗伯茨,5,自由式小轮车
2021/8/1 10:14,3,尼基塔·杜卡罗兹,149,自由式小轮车
2021/8/1 10:08,1,罗伯特·芬克,5,游泳
2021/8/1 10:08,2,米哈伊罗·罗曼丘克,13,游泳
2021/8/1 10:08,3,弗洛里安·韦尔布罗克,2,游泳
2021/8/1 10:08,1,艾玛·麦基翁,157,游泳
2021/8/1 10:08,2,萨拉·舍斯特伦,154,游泳
2021/8/1 10:08,3,佩妮莱·布卢姆,152,游泳
2021/8/1 9:38,1,塞勒博·德雷赛尔,5,游泳
2021/8/1 9:38,2,弗洛伦特·马纳多,144,游泳
2021/8/1 9:38,3,布鲁诺·弗拉图斯,16,游泳
2021/7/31 22:36,1,贝琳达·本西奇,149,网球
2021/7/31 22:36,2,玛尔凯塔·冯德劳绍娃,17,网球
2021/7/31 22:36,3,卡里斯·阿廷斯托尔,211,拳击
2021/7/31 21:04,1,李洋/王齐麟,31,羽毛球
2021/7/31 20:58,2,谢里·安·弗拉瑟,248,田径
2021/7/31 20:58,3,雪莉卡·杰克逊,248,田径
2021/7/31 20:56,1,伊莱恩·汤普森·赫拉,248,田径
2021/7/31 20:55,2,李俊慧/刘雨辰,26,羽毛球
2021/7/31 20:51,1,卡罗尔·扎勒斯基等,150,田径
2021/7/31 20:51,2,利迪奥·安德列斯·费利兹等,141,田径
2021/7/31 20:51,3,特雷弗·斯图尔特等,5,田径
2021/7/31 20:50,1,法里斯·易卜拉欣·埃尔巴赫,278,举重
2021/7/31 20:50,2,凯多马尔·巴连里拉,162,举重
2021/7/31 20:50,3,安东·普利斯诺伊,163,举重
2021/7/31 20:34,1,丹尼尔·斯塔尔,154,田径
2021/7/31 20:34,2,西蒙·佩特森,154,田径
2021/7/31 20:34,3,卢卡斯·韦斯海丁格,151,田径
2021/7/31 20:21,3,定峰·谢/伟译·苏,232,羽毛球
2021/7/31 19:53,3,埃琳娜·斯维托丽娜,13,网球
2021/7/31 19:30,1,索菲娅·韦利卡娅等,23062,击剑
2021/7/31 19:30,2,塞西莉亚·贝德尔等,144,击剑
2021/7/31 18:32,1,基里安·勒·博路什等,144,柔道
2021/7/31 18:32,2,滨田尚里等,18,柔道
2021/7/31 18:23,3,金智妍等,106,击剑
2021/7/31 17:48,3,阿什莉·巴蒂/约翰·皮尔斯,157,网球
2021/7/31 17:44,3,利·科赫曼等,29,柔道
2021/7/31 17:37,2,法国女子橄榄球队,144,七人制橄榄球
2021/7/31 17:37,1,新西兰女子橄榄球队,158,七人制橄榄球
2021/7/31 17:13,3,焦万娜·斯科西马罗等,2,柔道
2021/7/31 17:09,3,巴勃罗·加尔维涅,145,网球
2021/7/31 17:07,3,斐济女子橄榄球队,267,七人制橄榄球
2021/7/31 16:54,2,扎卡里亚斯·博纳特,141,举重
2021/7/31 16:54,3,安东尼诺·皮佐拉托,6,举重
2021/7/31 16:53,1,吕小军,26,举重
2021/7/31 16:34,3,劳拉·皮戈西/路易莎·史蒂芬妮,16,网球
2021/7/31 16:08,2,毛罗·内斯波利,6,射箭
2021/7/31 16:01,1,梅特·加佐兹,33,射箭
2021/7/31 15:59,3,古川高晴,18,射箭
2021/7/31 15:59,1,妮娜·克里斯汀,149,射击
2021/7/31 15:59,2,尤利娅·齐科娃,23062,射击
2021/7/31 15:59,3,尤利娅·卡里莫娃,23062,射击
2021/7/31 15:27,1,基兰·巴德洛,1,帆船
2021/7/31 15:27,2,托马斯·戈雅,144,帆船
2021/7/31 15:21,3,毕焜,26,帆船
2021/7/31 14:33,1,伊万·利特维诺维奇,103,蹦床体操
2021/7/31 14:33,3,迪伦·施密特,158,蹦床体操
2021/7/31 14:28,2,董栋,26,蹦床体操
2021/7/31 14:03,2,查琳·皮孔,144,帆船
2021/7/31 14:03,3,艾玛·威尔逊,211,帆船
2021/7/31 13:56,1,卢云秀,26,帆船
2021/7/31 13:24,3,马德琳·安·伯诺/布赖恩·伯罗斯,5,射击
2021/7/31 13:02,3,伊尔玛·特斯塔,6,拳击
2021/7/31 13:01,1,阿尔贝托·费尔南德斯/法蒂玛·加尔维斯,145,射击
2021/7/31 13:01,2,吉安·马可·贝尔蒂/亚历山德拉·佩里利,175,射击
2021/7/31 13:01,3,苏珊娜·雷哈克·什特费切科娃/埃里克·瓦尔加,14,射击
2021/7/31 10:56,1,凯瑟琳·道森等,211,游泳
2021/7/31 10:56,3,艾萨克·库柏等,157,游泳
2021/7/31 10:56,2,徐嘉余/闫子贝/张雨霏/杨浚瑄,26,游泳
2021/7/31 10:02,1,卡蒂·莱德茨基,5,游泳
2021/7/31 10:02,2,阿里亚尔妮·蒂特穆斯,157,游泳
2021/7/31 10:02,3,西蒙娜·夸达雷拉,6,游泳
2021/7/31 9:46,1,凯莉·麦基翁,157,游泳
2021/7/31 9:46,2,凯莉·马塞,159,游泳
2021/7/31 9:46,3,埃米莉·西博姆,157,游泳
2021/7/31 9:37,1,塞勒博·德雷赛尔,5,游泳
2021/7/31 9:37,2,克里斯托夫·米拉克,28,游泳
2021/7/31 9:37,3,诺埃·庞蒂,149,游泳
2021/7/31 8:05,1,杰西卡·利尔蒙思等,211,铁人三项
2021/7/31 8:05,2,凯蒂·扎弗雷斯等,5,铁人三项
2021/7/31 8:05,3,莱奥尼·佩里奥尔等,144,铁人三项
2021/7/30 21:29,1,马龙,26,乒乓球
2021/7/30 21:29,2,樊振东,26,乒乓球
2021/7/30 20:16,3,迪米特里·奥恰洛夫,2,乒乓球
2021/7/30 20:07,1,塞莱蒙·巴雷加,222,田径
2021/7/30 20:07,2,约书亚·查普特盖,249,田径
2021/7/30 20:07,3,雅各布·基普利莫,249,田径
2021/7/30 19:51,2,马林·西里奇/伊万·多迪格,89,网球
2021/7/30 19:51,1,尼古拉·麦迪斯/马特·帕维奇,89,网球
2021/7/30 19:41,1,日本男子重剑队,18,击剑
2021/7/30 19:41,2,俄奥委会男子重剑队,23062,击剑
2021/7/30 18:40,3,韩国男子重剑队,106,击剑
2021/7/30 18:00,1,卢卡斯·克帕勒克,17,柔道
2021/7/30 18:00,2,古拉姆·图什什维利,163,柔道
2021/7/30 17:50,3,塔梅尔兰·巴沙耶夫,23062,柔道
2021/7/30 17:44,3,泰迪·瑞纳,144,柔道
2021/7/30 17:31,1,素根辉,18,柔道
2021/7/30 17:31,2,伊达莉丝·奥尔蒂斯,169,柔道
2021/7/30 17:14,3,罗曼妮·迪科,144,柔道
2021/7/30 17:11,3,伊琳娜·金泽尔斯卡,214,柔道
2021/7/30 16:25,3,马库斯·丹尼尔/迈克尔·维纳斯,158,网球
2021/7/30 16:04,1,安山,106,射箭
2021/7/30 16:04,2,埃琳娜·奥西波娃,23062,射箭
2021/7/30 15:50,1,吉里·普斯卡韦茨,17,激流皮划艇
2021/7/30 15:50,2,雅库布·格里格,14,激流皮划艇
2021/7/30 15:50,3,汉内斯·艾格纳,2,激流皮划艇
2021/7/30 15:50,3,露西拉·博里,6,射箭
2021/7/30 15:40,1,王懿律/黄东萍,26,羽毛球
2021/7/30 15:40,2,郑思维/黄雅琼,26,羽毛球
2021/7/30 14:27,3,布若妮·帕吉,211,蹦床体操
2021/7/30 14:25,1,朱雪莹,26,蹦床体操
2021/7/30 14:25,2,刘灵玲,26,蹦床体操
2021/7/30 13:36,1,维塔利娜·巴萨拉什金娜,23062,射击
2021/7/30 13:36,2,金旼贞,106,射击
2021/7/30 13:35,3,肖嘉芮萱,26,射击
2021/7/30 11:47,1,尼克·金曼,1,竞速小轮车
2021/7/30 11:47,1,贝瑟尼·施莱佛,211,竞速小轮车
2021/7/30 11:47,2,凯·怀特,211,竞速小轮车
2021/7/30 11:47,2,马里亚纳·帕杰,12,竞速小轮车
2021/7/30 11:47,3,卡洛斯·阿尔贝托·拉米雷斯·耶佩斯,12,竞速小轮车
2021/7/30 11:47,3,梅雷尔·史莫德斯,1,竞速小轮车
2021/7/30 11:47,3,渡边雄太/东野有沙,18,羽毛球
2021/7/30 10:25,2,邓肯·斯科特,211,游泳
2021/7/30 10:25,3,杰里米·德斯普兰奇斯,149,游泳
2021/7/30 10:24,1,汪顺,26,游泳
2021/7/30 10:06,1,艾玛.麦克科恩,157,游泳
2021/7/30 10:06,2,何诗蓓,38,游泳
2021/7/30 10:06,3,凯特·坎贝尔,157,游泳
2021/7/30 9:59,1,叶夫根尼·雷洛夫,23062,游泳
2021/7/30 9:59,2,瑞恩.墨菲,5,游泳
2021/7/30 9:59,3,卢克·格林班克,211,游泳
2021/7/30 9:50,1,塔佳娜·舍恩梅克,178,游泳
2021/7/30 9:50,2,莉莉·金,5,游泳
2021/7/30 9:50,3,安妮·拉佐尔,5,游泳
2021/7/30 9:37,1,托马斯·麦金托什等,158,赛艇
2021/7/30 9:37,2,若阿内斯·魏森费尔德等,2,赛艇
2021/7/30 9:37,3,乔舒亚·布佳斯基等,211,赛艇
2021/7/30 9:19,3,王子凤/王宇微/徐菲/苗甜/张敏/巨蕊/李晶晶/郭淋淋/张德常,26,赛艇
2021/7/30 9:17,1,丽莎·罗曼等,159,赛艇
2021/7/30 9:17,2,艾拉·格林斯拉德等,158,赛艇
2021/7/30 8:57,1,斯特凡诺斯·恩特奥斯科,171,赛艇
2021/7/30 8:57,2,谢蒂尔·博尔奇,153,赛艇
2021/7/30 8:57,3,达米尔·马丁,89,赛艇
2021/7/30 8:50,1,艾玛·特威格,158,赛艇
2021/7/30 8:50,2,汉娜·普拉卡森,23062,赛艇
2021/7/30 8:50,3,麦格达丽娜·罗布尼希,151,赛艇
2021/7/29 21:10,1,陈梦,26,乒乓球
2021/7/29 21:10,2,孙颖莎,26,乒乓球
2021/7/29 21:06,3,安吉丽娜·梅尔尼科娃,23062,竞技体操
2021/7/29 21:06,1,苏妮莎·李,5,竞技体操
2021/7/29 21:06,2,丽贝卡·安德拉德,16,竞技体操
2021/7/29 20:23,1,ROC女子花剑队,23062,击剑
2021/7/29 20:23,2,法国女子花剑队,144,击剑
2021/7/29 20:02,3,伊藤美诚,18,乒乓球
2021/7/29 18:38,3,意大利女子花剑队,6,击剑
2021/7/29 18:18,1,亚伦·沃尔夫,18,柔道
2021/7/29 18:18,2,赵久涵,106,柔道
2021/7/29 18:01,3,尼亚兹·伊利亚索夫,23062,柔道
2021/7/29 17:52,3,乔治·丰塞卡,10,柔道
2021/7/29 17:39,1,滨田尚里,18,柔道
2021/7/29 17:39,2,玛德琳·马隆加,144,柔道
2021/7/29 17:32,3,梅拉·阿奎尔,16,柔道
2021/7/29 17:29,3,安娜·玛丽亚·瓦格纳,2,柔道
2021/7/29 15:39,1,杰西卡·福克斯,157,激流皮划艇
2021/7/29 15:39,2,马洛里·富兰克林,211,激流皮划艇
2021/7/29 15:39,3,安德莉亚·赫尔佐格,2,激流皮划艇
2021/7/29 15:31,1,吉日·里普塔克,17,射击
2021/7/29 15:31,2,达维德·科斯特莱茨基,17,射击
2021/7/29 15:31,3,马修·约翰·科沃德·霍利,211,射击
2021/7/29 14:24,1,苏珊娜·雷哈克·什特费切科娃,14,射击
2021/7/29 14:24,2,凯尔·布朗宁,5,射击
2021/7/29 14:24,3,亚历山德拉·佩里利,175,射击
2021/7/29 11:56,2,阿拉贝拉·西姆斯等,5,游泳
2021/7/29 11:56,3,莫莉·奥卡拉汉等,157,游泳
2021/7/29 11:54,1,汤慕涵/杨浚瑄/张雨霏/李冰洁/张一璠/董洁,26,游泳
2021/7/29 10:46,1,塞勒博·德雷赛尔,5,游泳
2021/7/29 10:46,2,凯尔 ·查莫斯,157,游泳
2021/7/29 10:46,3,克莱门特·科列斯尼科夫,23062,游泳
2021/7/29 10:46,1,张雨霏,26,游泳
2021/7/29 10:37,2,里根·史密斯,5,游泳
2021/7/29 10:37,3,哈利·弗利金杰,5,游泳
2021/7/29 9:55,1,扎克·斯图伯蒂-库克,157,游泳
2021/7/29 9:55,2,阿诺·卡明加,1,游泳
2021/7/29 9:55,3,马蒂·马特森,161,游泳
2021/7/29 9:47,1,罗伯特·芬克,5,游泳
2021/7/29 9:47,2,格雷戈里奥·帕尔特里涅利,6,游泳
2021/7/29 9:47,3,米哈伊罗·罗曼丘克,13,游泳
2021/7/29 9:22,1,芬坦·麦卡锡/保罗·奥多诺万,19,赛艇
2021/7/29 9:22,1,瓦伦蒂娜·罗蒂尼/费代丽卡·切萨里尼,6,赛艇
2021/7/29 9:22,2,乔纳森·罗梅尔曼/杰森·奥斯本,2,赛艇
2021/7/29 9:22,2,劳拉·塔兰托拉/克莱尔·博夫,144,赛艇
2021/7/29 9:22,3,斯蒂法诺·奥波/彼得罗·鲁塔,6,赛艇
2021/7/29 9:22,3,玛丽克·凯瑟尔/伊尔丝·保利斯,1,赛艇
2021/7/29 8:41,1,格蕾丝·普伦德加斯特/凯莉·高勒,158,赛艇
2021/7/29 8:41,2,瓦西里萨·斯捷潘诺娃/埃琳娜·奥雅宾斯卡雅,23062,赛艇
2021/7/29 8:41,3,凯利·菲尔默/希拉里·詹森,159,赛艇
2021/7/29 8:28,1,马丁·辛科维奇/瓦伦蒂奇·辛科维奇,89,赛艇
2021/7/29 8:28,2,马里乌斯·科兹米乌克/西普里安·图多萨,164,赛艇
2021/7/29 8:28,3,弗雷德里克·维斯塔维尔/约阿希姆·萨顿,152,赛艇
2021/7/28 22:01,1,拉脱维亚男子三人篮球队,9,三人篮球
2021/7/28 22:01,2,ROC男子三人篮球队,23062,三人篮球
2021/7/28 21:25,1,美国女子三人篮球队,5,三人篮球
2021/7/28 21:25,2,ROC女子三人篮球队,23062,三人篮球
2021/7/28 21:13,1,桥本大辉,18,竞技体操
2021/7/28 21:13,3,尼基塔·纳戈尔内,23062,竞技体操
2021/7/28 21:07,2,肖若腾,26,竞技体操
2021/7/28 20:47,3,塞尔维亚男子三人篮球队,107,三人篮球
2021/7/28 20:42,2,胡里奥·马约拉,162,举重
2021/7/28 20:42,3,拉马特·埃尔温·阿卜杜拉,85,举重
2021/7/28 20:33,1,石智勇,26,举重
2021/7/28 20:05,3,杨舒予/王丽丽/张芷婷/万济圆,26,三人篮球
2021/7/28 20:02,1,杰西卡·冯·布雷多·温德尔,2,马术-盛装舞步
2021/7/28 20:02,2,伊莎贝尔·沃斯,2,马术-盛装舞步
2021/7/28 20:02,3,夏洛特·杜雅尔丹,211,马术-盛装舞步
2021/7/28 19:28,1,拉沙·别考里,163,柔道
2021/7/28 19:28,2,爱德华·特里佩尔,2,柔道
2021/7/28 19:22,3,达夫拉特·博博诺夫,15,柔道
2021/7/28 19:22,3,托特克里斯蒂安,28,柔道
2021/7/28 19:18,1,韩国男子佩剑队,106,击剑
2021/7/28 19:18,2,意大利男子佩剑队,6,击剑
2021/7/28 18:57,1,新井千鹤,18,柔道
2021/7/28 18:57,2,米夏埃拉·波勒,151,柔道
2021/7/28 18:53,3,马季娜·泰马佐娃,23062,柔道
2021/7/28 18:53,3,桑妮·范迪克,1,柔道
2021/7/28 18:45,3,匈牙利男子佩剑队,28,击剑
2021/7/28 17:32,2,新西兰男子橄榄球队,158,七人制橄榄球
2021/7/28 17:32,1,斐济男子橄榄球队,267,七人制橄榄球
2021/7/28 17:03,3,阿根廷男子橄榄球队,24,七人制橄榄球
2021/7/28 16:10,1,普里莫日奇·罗格利奇,30,公路自行车
2021/7/28 16:10,2,汤姆·迪穆兰,1,公路自行车
2021/7/28 16:10,3,罗汉·丹尼斯,157,公路自行车
2021/7/28 14:59,2,安德鲁·卡波比安科/迈克·希克森,5,跳水
2021/7/28 14:59,3,帕特里克·豪斯丁/拉尔斯·吕迪格,2,跳水
2021/7/28 14:55,1,谢思埸/王宗源,26,跳水
2021/7/28 12:07,1,马修·理查德等,211,游泳
2021/7/28 12:07,2,米哈伊尔·多夫加柳克等,23062,游泳
2021/7/28 12:07,3,亚历山大·格拉汉姆等,157,游泳
2021/7/28 12:07,2,马伦·罗伊瑟,149,公路自行车
2021/7/28 12:07,3,安娜·范·德·布雷根,1,公路自行车
2021/7/28 12:07,1,安娜米克·范·弗勒滕,1,公路自行车
2021/7/28 11:26,1,凯蒂·莱德基,5,游泳
2021/7/28 11:26,2,埃莉卡·沙利文,5,游泳
2021/7/28 11:15,3,萨拉.克勒,2,游泳
2021/7/28 11:03,1,大桥悠依,18,游泳
2021/7/28 11:03,2,亚历山德拉·沃尔什,5,游泳
2021/7/28 11:03,3,凯特·道格拉斯,5,游泳
2021/7/28 10:00,2,阿格涅什卡·扎沃伊斯卡等,150,赛艇
2021/7/28 10:00,3,里亚·汤普森等,157,赛艇
2021/7/28 9:57,1,陈云霞/张灵/吕扬/崔晓桐,26,赛艇
2021/7/28 9:56,1,克里斯托夫·米拉克,28,游泳
2021/7/28 9:56,2,本田灯,18,游泳
2021/7/28 9:56,3,费德里科·布尔迪索,6,游泳
2021/7/28 9:48,1,阿里亚妮·蒂特马斯,157,游泳
2021/7/28 9:48,2,何诗蓓,38,游泳
2021/7/28 9:48,3,彭妮·奥莱克夏克,159,游泳
2021/7/28 9:41,1,卢卡斯·特奥多尔·迪克斯·尤滕博加德等,1,赛艇
2021/7/28 9:41,2,哈里·利斯克等,211,赛艇
2021/7/28 9:41,3,杰克·克利里等,157,赛艇
2021/7/28 9:23,1,亚历山大·珀内尔等,157,赛艇
2021/7/28 9:23,2,米哈塔·齐格内斯库等,164,赛艇
2021/7/28 9:23,3,马特奥·卡斯塔尔多等,6,赛艇
2021/7/28 9:00,1,露西·斯蒂芬等,157,赛艇
2021/7/28 9:00,2,伊丽莎白·霍格维夫等,1,赛艇
2021/7/28 9:00,3,艾弗里克·基奥,19,赛艇
2021/7/28 8:41,1,雨果·布舍龙/马蒂厄·安德罗迪亚,144,赛艇
2021/7/28 8:41,2,梅尔文·特维拉尔/斯特凡·布洛宁科,1,赛艇
2021/7/28 8:38,3,刘治宇/张亮,26,赛艇
2021/7/28 8:29,3,鲁斯·德容/丽莎·谢纳德,1,赛艇
2021/7/28 8:29,1,博德纳尔/雷迪斯,164,赛艇
2021/7/28 8:29,2,多诺霍/奥斯本,158,赛艇
2021/7/27 21:30,2,阿德里安娜·莱尔等,5,马术-盛装舞步
2021/7/27 21:30,3,卡尔·海斯特等,211,马术-盛装舞步
2021/7/27 21:10,1,弗拉迪斯拉夫·拉林,23062,跆拳道
2021/7/27 21:00,1,莉莉娅·阿哈伊莫娃等,23062,竞技体操
2021/7/27 21:00,1,日本女子垒球队,18,垒球
2021/7/27 21:00,2,美国女子垒球队,5,垒球
2021/7/27 21:00,3,珍妮弗·加迪洛娃等,211,竞技体操
2021/7/27 20:00,2,西蒙·拜尔斯等,5,竞技体操
2021/7/27 20:00,3,碧安卡·沃克登,211,跆拳道
2021/7/27 19:30,1,茱莉亚·贝尔贾耶娃等,8,击剑
2021/7/27 19:30,3,费代丽卡·伊索拉等,6,击剑
2021/7/27 18:30,1,多瑞斯·施耐德等,2,马术-盛装舞步
2021/7/27 18:15,1,永濑贵规,18,柔道
2021/7/27 17:50,3,玛丽亚·森特拉奇奥,6,柔道
2021/7/27 17:50,3,凯瑟琳·博歇曼·皮纳尔,159,柔道
2021/7/27 17:15,1,里卡达·丰克,2,激流皮划艇
2021/7/27 17:00,1,卡丽莎·摩尔,5,冲浪
2021/7/27 17:00,3,杰西卡·福克斯,157,激流皮划艇
2021/7/27 16:30,3,安藤美希子,18,举重
2021/7/27 16:00,2,乔治娜·泰勒·布朗,211,铁人三项
2021/7/27 16:00,3,欧文·赖特,157,冲浪
2021/7/27 16:00,3,都筑有梦路,18,冲浪
2021/7/27 15:30,2,维塔利娜·巴特萨拉什基纳/阿尔乔姆·切尔诺乌索夫,23062,射击
2021/7/27 15:20,1,杨倩/杨皓然,26,射击
2021/7/27 15:20,2,玛丽·卡罗琳·塔克/卢卡斯·科泽尼斯基,5,射击
2021/7/27 14:51,1,陈芋汐/张家齐,26,跳水
2021/7/27 14:51,2,德莱尼·施内尔/杰西卡·帕罗特,5,跳水
2021/7/27 13:30,2,比安卡·比特达格,178,冲浪
2021/7/27 11:00,3,凯蒂·扎弗雷斯,5,铁人三项
2021/7/27 10:52,1,姜冉馨/庞伟,26,射击
2021/7/27 10:25,1,莉迪亚·雅各比,5,游泳
2021/7/27 10:25,2,塔佳娜·舍恩梅克,178,游泳
2021/7/27 10:25,3,莉莉·金,5,游泳
2021/7/27 10:07,1,叶夫根尼·雷洛夫,23062,游泳
2021/7/27 10:07,2,克利缅特·科列斯尼科夫,23062,游泳
2021/7/27 10:07,3,瑞安·墨菲,5,游泳
2021/7/27 10:00,3,丽根·史密斯,5,游泳
2021/7/27 9:50,2,邓肯·斯科特,211,游泳
2021/7/27 5:30,3,海登·怀尔德,158,铁人三项
2021/7/27 0:02,2,李多彬,106,跆拳道
2021/7/27 0:00,1,弗洛拉·达菲,260,铁人三项
2021/7/27 0:00,1,汤姆·迪安,211,游泳
2021/7/27 0:00,1,凯莉·麦基翁,157,游泳
2021/7/27 0:00,1,伊塔洛·费雷拉,16,冲浪
2021/7/27 0:00,1,约兰达·内夫,149,山地自行车
2021/7/27 0:00,1,郭婞淳,31,举重
2021/7/27 0:00,1,克拉丽斯·阿格班尼奥,144,柔道
2021/7/27 0:00,1,莫德·查伦,159,举重
2021/7/27 0:00,1,米莉察·曼迪茨,107,跆拳道
2021/7/27 0:00,2,凯莉·马塞,159,游泳
2021/7/27 0:00,2,五十岚卡诺阿,18,冲浪
2021/7/27 0:00,2,西娜·弗赖,149,山地自行车
2021/7/27 0:00,2,马娅伦·乔劳特,145,激流皮划艇
2021/7/27 0:00,2,波利娜·古列娃,285,举重
2021/7/27 0:00,2,蒂娜·特尔斯泰尼亚克,30,柔道
2021/7/27 0:00,2,莫拉萨伊德,173,柔道
2021/7/27 0:00,2,崔仁晶等,106,击剑
2021/7/27 0:00,2,乔治娅·博尔迪尼翁,6,举重
2021/7/27 0:00,2,德扬·格奥尔基耶夫斯基,231,跆拳道
2021/7/27 0:00,3,费尔南多·谢费尔,16,游泳
2021/7/27 0:00,3,奥莱娜·科斯特维奇/奥莱·奥梅尔查克,13,射击
2021/7/27 0:00,3,亚历杭德拉·奥罗斯科·罗萨/加布里埃拉·阿贡德斯·加西亚,156,跳水
2021/7/27 0:00,3,尤利娅·卡里莫娃/谢尔盖·卡门斯基,23062,射击
2021/7/27 0:00,3,琳达·安代尔冈,149,山地自行车
2021/7/27 0:00,3,加拿大女子垒球队,159,垒球
2021/7/27 0:00,3,沙米尔·博尔查维利,151,柔道
2021/7/27 0:00,3,马蒂亚斯·卡斯,147,柔道
2021/7/27 0:00,3,奥尔西娅·洛兰,144,跆拳道
2021/7/27 0:00,3,印教敦,106,跆拳道
2021/7/27 0:00,3,拉斐尔·尤涅尔·阿尔巴·卡斯蒂略,169,跆拳道
2021/7/27 0:00,3,陈玟卉,31,举重
2021/7/26 22:00,1,水谷隼/伊藤美诚,18,乒乓球
2021/7/26 22:00,2,许昕/刘诗雯,26,乒乓球
2021/7/26 21:40,2,达尼埃莱·加罗佐,6,击剑
2021/7/26 21:30,1,马克西姆·赫拉姆佐夫,23062,跆拳道
2021/7/26 21:00,1,丹尼斯·阿布利亚金等,23062,竞技体操
2021/7/26 21:00,3,赛义夫·伊萨,170,跆拳道
2021/7/26 20:42,3,赫达娅·瓦赫芭,170,跆拳道
2021/7/26 20:00,1,索菲娅·波兹尼亚科娃,23062,击剑
2021/7/26 20:00,2,廖秋云,26,举重
2021/7/26 20:00,3,林超攀/孙炜/邹敬园/肖若腾,26,竞技体操
2021/7/26 17:04,3,芳田司,18,柔道
2021/7/26 17:00,1,大野将平,18,柔道
2021/7/26 16:20,3,古川高晴等,18,射箭
2021/7/26 16:00,1,托马斯·皮德科克,211,山地自行车
2021/7/26 15:46,1,文森特·汉考克,5,射击
2021/7/26 15:46,3,阿卜杜拉·拉希迪,230,射击
2021/7/26 15:00,1,汤姆·戴利/马提·李,211,跳水
2021/7/26 15:00,2,曹缘/陈艾森,26,跳水
2021/7/26 14:50,2,戴安娜·巴科西,6,射击
2021/7/26 14:44,1,安贝尔·英格利希,5,射击
2021/7/26 14:44,3,魏萌,26,射击
2021/7/26 14:00,2,马蒂亚斯·弗吕基格,149,山地自行车
2021/7/26 14:00,3,亚历山大·邦达尔/维克多·米尼巴耶夫,23062,跳水
2021/7/26 14:00,3,戴维·巴莱罗·塞拉诺,145,山地自行车
2021/7/26 12:30,1,西屋红叶,18,滑板
2021/7/26 11:30,1,堀米雄斗,18,滑板
2021/7/26 11:30,3,贾格尔·伊顿,5,滑板
2021/7/26 11:30,3,中山枫奈,18,滑板
2021/7/26 11:16,2,亚历山德罗·米雷西等,6,游泳
2021/7/26 11:15,1,布鲁克斯·库里等,5,游泳
2021/7/26 11:15,3,卡梅伦·麦克沃伊等,157,游泳
2021/7/26 10:27,2,凯蒂·莱德基,5,游泳
2021/7/26 10:27,3,李冰洁,26,游泳
2021/7/26 10:17,1,亚当·佩蒂,211,游泳
2021/7/26 9:45,2,张雨霏,26,游泳
2021/7/26 9:40,3,艾玛·麦基翁,157,游泳
2021/7/26 9:08,2,雷莎·莱尔,16,滑板
2021/7/26 5:30,1,克里斯蒂安·布鲁门费尔特,153,铁人三项
2021/7/26 5:30,2,亚历克斯·耶,211,铁人三项
2021/7/26 0:00,1,玛格丽特·麦克尼尔,159,游泳
2021/7/26 0:00,1,阿里亚妮·蒂特马斯,157,游泳
2021/7/26 0:00,1,本杰明·塞瓦塞克,30,激流皮划艇
2021/7/26 0:00,1,金智德等,106,射箭
2021/7/26 0:00,1,诺拉·贾科娃,6913,柔道
2021/7/26 0:00,1,希德林·迪亚兹,130,举重
2021/7/26 0:00,1,马特娅·耶利奇,89,跆拳道
2021/7/26 0:00,1,张家朗,38,击剑
2021/7/26 0:00,2,阿尔诺·卡明加,1,游泳
2021/7/26 0:00,2,卢卡斯·罗汉,17,激流皮划艇
2021/7/26 0:00,2,耶斯佩尔·汉森,152,射击
2021/7/26 0:00,2,萨拉·莉欧妮·齐西克,144,柔道
2021/7/26 0:00,2,邓宇成/汤智钧/魏均珩,31,射箭
2021/7/26 0:00,2,拉沙·沙夫达图阿什维利,163,柔道
2021/7/26 0:00,2,索菲娅·韦利卡娅,23062,击剑
2021/7/26 0:00,2,桥本大辉等,18,竞技体操
2021/7/26 0:00,2,劳伦·威廉斯,211,跆拳道
2021/7/26 0:00,2,萨利赫·埃尔·沙拉巴蒂,123,跆拳道
2021/7/26 0:00,3,尼科洛·马丁宁吉,6,游泳
2021/7/26 0:00,3,塞得瑞斯·塔斯阿迪斯,2,激流皮划艇
2021/7/26 0:00,3,安昌林,106,柔道
2021/7/26 0:00,3,森多奇尔朝格特巴塔尔,173,柔道
2021/7/26 0:00,3,杰西卡·克林姆凯特,159,柔道
2021/7/26 0:00,3,玛农·布吕内,144,击剑
2021/7/26 0:00,3,常玲·赵,160,举重
2021/7/26 0:00,3,林昀儒/郑怡静,31,乒乓球
2021/7/26 0:00,3,托尼·卡纳,89,跆拳道
2021/7/26 0:00,3,亚历山大·秋皮尼齐,17,击剑
2021/7/26 0:00,3,露丝·巴比,88,跆拳道
2021/7/25 21:14,3,赵帅,26,跆拳道
2021/7/25 21:02,3,哈坎·雷伯,33,跆拳道
2021/7/25 20:53,3,米尔科·赞尼,6,举重
2021/7/25 20:50,1,谌利军,26,举重
2021/7/25 20:40,1,阿纳斯塔西娅·佐洛蒂奇,5,跆拳道
2021/7/25 20:40,3,哈蒂杰·屈布拉·伊尔金,33,跆拳道
2021/7/25 20:05,1,李·基弗,5,击剑
2021/7/25 18:30,1,阿部一二三,18,柔道
2021/7/25 18:00,1,阿部诗,18,柔道
2021/7/25 18:00,3,丹尼尔·卡宁,16,柔道
2021/7/25 17:57,3,奥德特·祖弗里达,6,柔道
2021/7/25 16:40,1,李发彬,26,举重
2021/7/25 16:07,3,艾丽莎·隆戈·博尔吉尼,6,公路自行车
2021/7/25 15:58,3,米歇尔·克罗彭等,2,射箭
2021/7/25 15:02,1,威廉姆·沙纳,5,射击
2021/7/25 15:00,3,杨皓然,26,射击
2021/7/25 14:50,1,施廷懋/王涵,26,跳水
2021/7/25 14:49,3,莉娜·亨彻尔/蒂娜·蓬泽尔,2,跳水
2021/7/25 14:00,2,珍妮弗·阿贝尔/梅丽莎·西特里尼·博利约,159,跳水
2021/7/25 12:30,2,凯尔文·霍夫勒,16,滑板
2021/7/25 12:00,1,安娜·基森霍费尔,151,公路自行车
2021/7/25 12:00,2,盛李豪,26,射击
2021/7/25 12:00,2,安妮米克·范·弗勒滕,1,公路自行车
2021/7/25 10:50,2,埃科·尤利·伊拉万,85,举重
2021/7/25 10:50,2,路易斯·哈维尔·穆萨拉·洛扎诺,12,举重
2021/7/25 10:50,3,奥利维亚·斯莫利加等,5,游泳
2021/7/25 10:50,3,伊戈尔·桑,160,举重
2021/7/25 10:20,2,艾玛·韦恩特,5,游泳
2021/7/25 10:20,3,哈利·弗利金杰,5,游泳
2021/7/25 10:00,2,阿芒迪娜·布查德,144,柔道
2021/7/25 10:00,2,瓦扎·玛格维拉什维利,163,柔道
2021/7/25 10:00,3,基兰·史密斯,5,游泳
2021/7/25 10:00,3,切尔西·贾尔斯,211,柔道
2021/7/25 10:00,3,安保罗,106,柔道
2021/7/25 9:35,2,杰伊·里瑟兰德,5,游泳
2021/7/25 9:14,1,乌卢格别克·拉希托夫,15,跆拳道
2021/7/25 9:14,2,布拉德利·辛登,211,跆拳道
2021/7/25 9:00,2,塔季扬娜·米尼娜,23062,跆拳道
2021/7/25 9:00,3,罗嘉翎,31,跆拳道
2021/7/25 8:30,1,罗曼·坎农,144,击剑
2021/7/25 8:30,2,盖尔盖伊·希克洛希,28,击剑
2021/7/25 8:30,3,伊戈尔·雷伊兹林,13,击剑
2021/7/25 8:00,1,维塔利娜·巴特萨拉什基纳,23062,射击
2021/7/25 8:00,2,安托阿内塔·科斯塔迪诺娃,148,射击
2021/7/25 8:00,2,因娜·德里格拉佐娃,23062,击剑
2021/7/25 8:00,3,姜冉馨,26,射击
2021/7/25 8:00,3,拉里萨·科罗贝尼科娃,23062,击剑
2021/7/25 0:00,1,高藤直寿,18,柔道
2021/7/25 0:00,1,恰斯·卡利斯兹,5,游泳
2021/7/25 0:00,1,艾哈迈德·哈夫纳维,166,游泳
2021/7/25 0:00,1,大桥悠依,18,游泳
2021/7/25 0:00,1,莫莉·奥卡拉汉等,157,游泳
2021/7/25 0:00,1,安山等,106,射箭
2021/7/25 0:00,2,杰克·麦克劳林,157,游泳
2021/7/25 0:00,2,凯拉·桑切斯等,159,游泳
2021/7/25 0:00,2,斯韦特兰娜·戈姆博耶瓦等,23062,射箭
2021/7/25 0:00,3,吕卡·姆凯德泽,144,柔道
2021/7/25 0:00,3,布兰登·史密斯,157,游泳
2021/7/24 18:00,1,孙一文,26,击剑
2021/7/24 12:00,1,贾瓦德·费罗奇,87,射击
2021/7/24 12:00,2,达米尔·米凯奇,107,射击
2021/7/24 12:00,3,庞伟,26,射击
2021/7/24 10:00,1,理查德·卡拉帕斯,220,公路自行车
2021/7/24 10:00,1,迪斯特里亚·克拉斯尼奇,6913,柔道
2021/7/24 10:00,2,沃特·范·阿尔特,147,公路自行车
2021/7/24 10:00,2,杨勇纬,31,柔道
2021/7/24 10:00,2,渡名喜风南,18,柔道
2021/7/24 10:00,3,塔德杰·波加卡尔,30,公路自行车
2021/7/24 10:00,3,耶尔多斯·斯梅托夫,160,柔道
2021/7/24 10:00,3,达莉娅·比洛季德,13,柔道
2021/7/24 10:00,3,蒙赫巴特乌兰特瑟塞格,173,柔道
2021/7/24 9:28,1,维托·德尔·阿奎拉,6,跆拳道
2021/7/24 9:28,2,穆罕默德·哈利勒·詹达比,166,跆拳道
2021/7/24 9:28,3,张准,106,跆拳道
2021/7/24 9:28,3,米哈伊尔·阿尔塔莫诺夫,23062,跆拳道
2021/7/24 9:00,1,班妮巴 ·翁巴达那吉,101,跆拳道
2021/7/24 9:00,2,伊格莱西亚斯,145,跆拳道
2021/7/24 9:00,3,阿维沙·森贝格,29,跆拳道
2021/7/24 9:00,3,蒂亚娜·博格达诺维奇,107,跆拳道
2021/7/24 8:50,1,侯志慧,26,举重
2021/7/24 8:50,2,查努·塞科姆·米拉拜,227,举重
2021/7/24 8:50,3,温迪·坎蒂卡·艾萨,85,举重
2021/7/24 8:30,1,斯拉奇·阿伦,28,击剑
2021/7/24 8:30,2,路易吉·萨梅勒,6,击剑
2021/7/24 8:30,3,金政焕,106,击剑
2021/7/24 8:00,2,安娜·玛丽亚·布伦泽,164,击剑
2021/7/24 8:00,3,卡特里娜·莱希斯,8,击剑
2021/7/24 7:30,1,杨倩,26,射击
2021/7/24 7:30,2,阿纳斯塔西娅·加拉西娜,23062,射击
2021/7/24 7:30,3,妮娜·克里斯汀,149,射击
2021/7/24 0:00,1,安山/金智德,106,射箭
2021/7/24 0:00,2,史蒂夫·维勒等,1,射箭
2021/7/24 0:00,3,亚力杭德拉·瓦伦西亚/路易斯·阿尔瓦雷斯,156,射箭